module,skill,display-name,menu-code,description,action,args,phase,preceded-by,followed-by,required,output-location,outputs
BMad Method,_meta,,,,,,,,,false,https://docs.bmad-method.org/,
BMad Method,bmad-prd,Create Edit and Review PRD,PRD,"Create a new PRD through guided discovery, update an existing one when plans change, or validate a finished PRD against a checklist with an HTML findings report.",,,2-planning,bmad-product-brief,,true,planning_artifacts,prd
BMad Method,bmad-ux,Create UX,CU,Capture UX decisions into design and experience documents. Strongly recommended when a UI is a major part of the project.,,,2-planning,bmad-prd,,false,planning_artifacts,ux design
BMad Method,bmad-project-context,Project Context,PC,"Set up or refresh a repo's agent instructions so AI agents work well in it: verified commands, policy, conventions that differ from defaults, and known pitfalls. Setup, refresh, record, and audit — replaces document-project and generate-project-context.",,,anytime,,,false,repo root,AGENTS.md managed block
BMad Method,bmad-spec,Spec,SPC,"Condense any input (brief, PRD, transcript, brain dump, design folder, or several sources at once) into a short SPEC.md plus supporting files that later work builds from. Pins down what to build before deciding how. Works for software, game design, research, editorial, policy, business — anything with an intent behind it. Can also validate an existing spec.",,[path],anytime,,,false,{output_folder}/specs/spec-{slug},SPEC.md + companion files
BMad Method,bmad-correct-course,Correct Course,CC,"Assess a significant mid-sprint change. May recommend starting over, updating the PRD, redoing architecture or sprint planning, or correcting epics and stories.",,,anytime,,,false,planning_artifacts,change proposal
BMad Method,bmad-sprint-planning,Sprint Status,SS,"Summarize sprint progress at any time: risks, open action items, and the recommended next action. Can also validate or repair the tracking file.",status,,anytime,,,false,,status summary
BMad Method,bmad-brainstorming,Brainstorm Project,BP,Guided idea-generation session using one or more brainstorming techniques.,,,plan,,,false,{output_folder}/brainstorming,brainstorming session
BMad Method,bmad-product-brief,Create Brief,CB,A guided conversation that captures your product idea in a brief. A gentler alternative to the PRFAQ when you are already committed to your concept.,,-A,plan,,,false,planning_artifacts,product brief
BMad Method,bmad-prfaq,PRFAQ Challenge,WB,"Amazon's Working Backwards method: write the press release for the finished product first, then answer hard customer and stakeholder questions to test whether the concept holds up. An alternative to the product brief.",,-H,plan,,,false,planning_artifacts,prfaq document
BMad Method,bmad-architecture,Architecture,CA,"Offer once requirements exist (a PRD or spec, plus UX if present) and the user is ready to decide how to build. Also offer any time separately built parts risk becoming inconsistent. Records the architecture decisions that keep features, epics, and stories consistent. Comes before epics and stories; scales from a few key decisions to a full architecture, and can document the conventions of an existing codebase.",,,plan,,,true,planning_artifacts,architecture
BMad Method,bmad-create-epics-and-stories,Create Epics and Stories,CE,Break the PRD and architecture into epics and user stories with acceptance criteria.,,,plan,bmad-architecture,,true,planning_artifacts,epics and stories
BMad Method,bmad-sprint-planning,Sprint Planning,SP,"Checks the planning is complete enough to implement (PASS/CONCERNS/FAIL), then generates the sprint status file that implementation agents follow for every story.",,,plan,,,true,implementation_artifacts,sprint status
BMad Method,bmad-build,Build,BD,"The standard implementation flow: clarify intent, plan, implement, review, and present.",,,ship,bmad-sprint-planning,bmad-code-review,true,implementation_artifacts,spec and project implementation
BMad Method,bmad-code-review,Code Review,CR,Ad hoc review of any code change. An optional extra check after Build's built-in review.,,,ship,bmad-build,,false,,
BMad Method,bmad-walkthrough,Walkthrough,WT,"Guided walkthrough of a change, from purpose and context into details. Use for human review of commits, branches, or PRs.",,,ship,,,false,,
BMad Method,bmad-qa-generate-e2e-tests,QA Automation Test,QA,Generate automated API and end-to-end tests for implemented code. Not for code review or story validation — use Code Review for that.,,,ship,bmad-build,,false,implementation_artifacts,test suite
BMad Method,bmad-retrospective,Retrospective,ER,"Optional at the end of an epic: review the completed work and lessons learned, and look ahead to the next epic. If major issues surfaced, consider Correct Course.",,,ship,bmad-code-review,,false,implementation_artifacts,retrospective
Core,_meta,,,,,,,,,false,https://docs.bmad-method.org/,
Core,bmad-brainstorming,Brainstorming,BSP,Use early in ideation or when stuck generating ideas.,,,anytime,,,false,{output_folder}/brainstorming,brainstorming session
Core,bmad-party-mode,Party Mode,PM,Orchestrate multi-agent discussions when you need multiple perspectives or want agents to collaborate.,,,anytime,,,false,,
Core,bmad-help,BMad Help,BH,,,,anytime,,,false,,
Core,bmad-customize,BMad Customize,BC,"Use when you want to change how an agent or workflow behaves — add persistent facts, swap templates, insert activation hooks, or customize menus. Scans what's customizable, picks the right scope (agent vs workflow), writes the override to _bmad/custom/, and verifies the merge. No TOML hand-authoring required.",,,anytime,,,false,{project-root}/_bmad/custom,TOML override files
Core,bmad-advanced-elicitation,Advanced Elicitation,AE,"Use at any checkpoint to push a just-produced draft, section, or plan past its first version — pick from a menu of elicitation methods (pre-mortem, first principles, red team, socratic) and apply the improvements.",,,anytime,,,false,,
Core,bmad-review,Review,RV,"Review anything before it ships: a diff, branch, or uncommitted changes; a PRD, spec, story, or architecture document; any prose. Applies whichever installed review methods (lenses) fit the content — shipped ones cover adversarial critique, edge cases, verification gaps, document structure, and prose editing — or exactly the ones you name. Code Review in other modules calls it automatically.",,[path],anytime,,,false,,findings JSON array + markdown report
Core,bmad-forge-idea,Forge Idea,FI,"Test an idea — software, business, creative, research, or personal — through probing questions from different personas until you can act on it or drop it with confidence. Can hand the result to bmad-spec or bmad-build.",,,anytime,,,false,{output_folder}/forge,refined-idea brief (optional)
Core,bmad-deep-recon,Deep Recon,RS,"Research a topic to support a decision: draft a research prompt for your own AI tool and turn the returned report into a summary with cited sources, or run the research directly here with web searches. Types: market, domain, technical, competitive, user-voice, academic-lit, plus choosing between candidates; custom types via overrides.",,[type],anytime,,,false,{planning_artifacts}/research,research report/summary + optional html briefing